TIME,NOME,POSICAO,ALTURA,PESO
AMERICA-MG,AIRTON,GOLEIRO,1.88,87
AMERICA-MG,LEO LANG,GOLEIRO,1.68,58
AMERICA-MG,ROBSON LUIZ,GOLEIRO,1.88,77
AMERICA-MG,MATHEUS CAVICHIOLI,GOLEIRO,1.93,102
AMERICA-MG,JORI,GOLEIRO,1.91,87
AMERICA-MG,EDUARDO,DEFENSOR,1.73,73
AMERICA-MG,SABINO,DEFENSOR,1.80,
AMERICA-MG,LUCAS LUAN,DEFENSOR,1.83,
AMERICA-MG,ZE VICTOR,DEFENSOR,1.88,96
AMERICA-MG,VICTOR HUGO,DEFENSOR,1.75,
AMERICA-MG,DIEGO FERREIRA,DEFENSOR,1.75,68
AMERICA-MG,EDUARDO GABRIEL,DEFENSOR,1.85,76
AMERICA-MG,ANDERSON JESUS,DEFENSOR,1.85,71
AMERICA-MG,ALAN RUSCHEL,DEFENSOR,1.75,73
AMERICA-MG,JOAO PAULO,DEFENSOR,1.70,71
AMERICA-MG,LUCAS KAL,DEFENSOR,1.85,78
AMERICA-MG,PATRIC,DEFENSOR,1.73,78
AMERICA-MG,RICARDO SILVA,DEFENSOR,1.91,78
AMERICA-MG,RAMON,MEIO CAMPO,1.75,68
AMERICA-MG,GUSTAVINHO,MEIO CAMPO,1.75,59
AMERICA-MG,LUCAS GABIREL,MEIO CAMPO,1.70,
AMERICA-MG,ZE RICARDO,MEIO CAMPO,1.75,73
AMERICA-MG,JUNINHO,MEIO CAMPO,1.70,66
AMERICA-MG,BRUNO NAZARIO,MEIO CAMPO,1.78,73
AMERICA-MG,ALE,MEIO CAMPO,1.83,73
AMERICA-MG,ISAQUE ELIAS,MEIO CAMPO,1.78,73
AMERICA-MG,JUNINHO VALOURA,MEIO CAMPO,1.73,73
AMERICA-MG,LUIZ FERNANDO,ATACANTE,1.73,63
AMERICA-MG,GEOVANE,ATACANTE,1.73,68
AMERICA-MG,LEANDRO CARVALHO,ATACANTE,1.73,63
AMERICA-MG,CARLOS ALBERTO,ATACANTE,1.80,83
AMERICA-MG,KAWE,ATACANTE,1.78,73
AMERICA-MG,RIBAMAR,ATACANTE,1.83,81
AMERICA-MG,RODOLFO,ATACANTE,1.83,83
AMERICA-MG,ADERMIR SANTOS,ATACANTE,1.73,
AMERICA-MG,FELIPE AZEVEDO,ATACANTE,1.73,82
AMERICA-MG,FABRICIO DANIEL,ATACANTE,1.83,73
AMERICA-MG,CHRIGOR,ATACANTE,1.83,63
AMERICA-MG,LEO PASSOS,ATACANTE,1.83,77
AMERICA-MG,ORLANDO BERRIO,ATACANTE,1.80,76
AMERICA-MG,MARLON,ATACANTE,1.73,66
AMERICA-MG,YAN,ATACANTE,1.73,76
AMERICA-MG,MARCELO TOSCANO,ATACANTE,1.83,73
AMERICA-MG,MAURO ZARATE,ATACANTE,1.75,76
ATHLETICO-PR,MYCAEL,GOLEIRO,,
ATHLETICO-PR,SANTOS,GOLEIRO,1.93,82
ATHLETICO-PR,LEONARDO MATIAS,GOLEIRO,1.96,87
ATHLETICO-PR,ANDERSON,GOLEIRO,1.91,97
ATHLETICO-PR,BENTO,GOLEIRO,1.91,91
ATHLETICO-PR,MATHEUS PIAUI,DEFENSOR,1.93,88
ATHLETICO-PR,NICOLAS HERNANDEZ,DEFENSOR,1.83,73
ATHLETICO-PR,VIALLE,DEFENSOR,1.83,83
ATHLETICO-PR,MARCINHO ,DEFENSOR,1.78,76
ATHLETICO-PR,MARCIO AZEVEDO,DEFENSOR,1.73,78
ATHLETICO-PR,NICOLAS,DEFENSOR,1.75,68
ATHLETICO-PR,KHELVEN,DEFENSOR,1.75,68
ATHLETICO-PR,ABNER,DEFENSOR,1.83,73
ATHLETICO-PR,JANDERSON,DEFENSOR,1.70,76
ATHLETICO-PR,LEONARDO ATAEDE,DEFENSOR,1.78,82
ATHLETICO-PR,ZE IVALDO,DEFENSOR,1.85,93
ATHLETICO-PR,LUAN WIEDTHAUPER,DEFENSOR,1.91,77
ATHLETICO-PR,PEDRINHO,DEFENSOR,1.78,63
ATHLETICO-PR,LUCALS HALTER,DEFENSOR,1.88,91
ATHLETICO-PR,PEDRO HENRIQUE,DEFENSOR,1.88,81
ATHLETICO-PR,JOAO PEDRO,DEFENSOR,1.83,73
ATHLETICO-PR,LUCAS FASSON,DEFENSOR,1.88,78
ATHLETICO-PR,VINIVIUS,DEFENSOR,1.80,78
ATHLETICO-PR,THIAGO HELENO,DEFENSOR,1.85,96
ATHLETICO-PR,KLEITON,DEFENSOR,1.80,78
ATHLETICO-PR,JADER,MEIO CAMPO,1.73,67
ATHLETICO-PR,LUCHO GONZALEZ,MEIO CAMPO,1.85,81
ATHLETICO-PR,NIKAO,MEIO CAMPO,1.75,83
ATHLETICO-PR,LEO CITTADINI,MEIO CAMPO,1.78,68
ATHLETICO-PR,RICHARD,MEIO CAMPO,1.91,76
ATHLETICO-PR,ERICK,MEIO CAMPO,1.75,67
ATHLETICO-PR,IAGO ANDRE,MEIO CAMPO,1.75,73
ATHLETICO-PR,EDUARDO SCHEIT,MEIO CAMPO,1.78,68
ATHLETICO-PR,ELIAS CARIOCA,MEIO CAMPO,1.85,78
ATHLETICO-PR,PIERRE,MEIO CAMPO,1.83,68
ATHLETICO-PR,LUIZ FERNANDO,MEIO CAMPO,1.78,63
ATHLETICO-PR,FERNANDO CANESIN,MEIO CAMPO,1.75,68
ATHLETICO-PR,KAWAN,MEIO CAMPO,1.80,73
ATHLETICO-PR,CHRISTIAN,MEIO CAMPO,1.75,72
ATHLETICO-PR,JOHN MERCADO,ATACANTE,1.85,83
ATHLETICO-PR,JAJA,ATACANTE,1.78,63
ATHLETICO-PR,EMERSONN,ATACANTE,,
ATHLETICO-PR,ROMULO,ATACANTE,1.93,78
ATHLETICO-PR,BISSOLI,ATACANTE,1.80,78
ATHLETICO-PR,MATHEUS BABI,ATACANTE,1.91,78
ATHLETICO-PR,JULIMAR,ATACANTE,1.88,86
ATHLETICO-PR,PEDRO ROCHA,ATACANTE,1.80,73
ATHLETICO-PR,VINIVIUS MINGOTTI,ATACANTE,1.83,78
ATHLETICO-PR,RENAN,ATACANTE,1.88,86
ATHLETICO-PR,DANIEL,ATACANTE,1.80,91
ATHLETICO-PR,BRUNO LEITE,ATACANTE,1.78,78
ATHLETICO-PR,RENATO KAYSER,ATACANTE,1.78,68
ATHLETICO-PR,TERANS ,ATACANTE,1.73,68
ATHLETICO-PR,CARLOS EDUARDO,ATACANTE,1.75,72
ATLETICO-GO,MAURICIO KOZLINSKI,GOLEIRO,1.91,92
ATLETICO-GO,LUAN POLI,GOLEIRO,1.88,86
ATLETICO-GO,FERNANDO MIGUEL,GOLEIRO,1.91,92
ATLETICO-GO,LEONARDO SIQUEIRA,GOLEIRO,1.93,87
ATLETICO-GO,BRENO BOENO,GOLEIRO,,
ATLETICO-GO,ARNALDO,DEFENSOR,1.73,72
ATLETICO-GO,WERLEY,DEFENSOR,1.83,81
ATLETICO-GO,NATANAEL PIMIENTA,DEFENSOR,1.65,63
ATLETICO-GO,PEDRAO,DEFENSOR,1.91,92
ATLETICO-GO,ARTHUR HENRIQUE,DEFENSOR,1.75,68
ATLETICO-GO,EDER,DEFENSOR,1.83,82
ATLETICO-GO,LUCAS DA CRUZ,DEFENSOR,1.88,82
ATLETICO-GO,IGOR AQUINO,DEFENSOR,1.83,78
ATLETICO-GO,JEFFERSON,DEFENSOR,1.75,68
ATLETICO-GO,DUDU,DEFENSOR,1.75,73
ATLETICO-GO,MAURICIO GABRIEL,DEFENSOR,1.83,73
ATLETICO-GO,WILLIAN MARANHAO,MEIO CAMPO,1.78,78
ATLETICO-GO,WANDERSON,MEIO CAMPO,1.85,83
ATLETICO-GO,MATHEUS BARBOSA,MEIO CAMPO,1.83,68
ATLETICO-GO,MARLON FREITAS,MEIO CAMPO,1.85,77
ATLETICO-GO,JOAO PAULO,MEIO CAMPO,1.68,59
ATLETICO-GO,RICKSON,MEIO CAMPO,1.80,71
ATLETICO-GO,BARALHAS,MEIO CAMPO,1.78,73
ATLETICO-GO,VICTOR PARAIBA,MEIO CAMPO,1.78,73
ATLETICO-GO,MICHEL CUSTODIO,MEIO CAMPO,1.83,82
ATLETICO-GO,RODRIGUES,MEIO CAMPO,1.80,66
ATLETICO-GO,ANDRE,MEIO CAMPO,1.83,81
ATLETICO-GO,CARLOS HENRIQUE,MEIO CAMPO,1.73,67
ATLETICO-GO,ISAAC,MEIO CAMPO,,
ATLETICO-GO,JANDERSON,ATACANTE,1.63,58
ATLETICO-GO,RONALDO PEREIRA,ATACANTE,,
ATLETICO-GO,BRIAN MONTENEGRO,ATACANTE,1.78,78
ATLETICO-GO,ZE ROBERTO,ATACANTE,1.83,81
ATLETICO-GO,ANDRE LUIS,ATACANTE,1.78,71
ATLETICO-GO,JONAS TORO,ATACANTE,1.78,73
ATLETICO-GO,KEVIN,ATACANTE,1.80,76
ATLETICO-GO,LUCAS GABRIEL,ATACANTE,,
ATLETICO-GO,JEAN CARLOS,ATACANTE,,
ATLETICO-GO,DANIEL,ATACANTE,,
ATLETICO-MG,GABRIEL DEFIM,GOLEIRO,1.88,91
ATLETICO-MG,EVERSON,GOLEIRO,1.93,86
ATLETICO-MG,MATHEUS MENDES,GOLEIRO,1.93,82
ATLETICO-MG,RAFAEL,GOLEIRO,1.93,81
ATLETICO-MG,JEAN ,GOLEIRO,1.96,88
ATLETICO-MG,CLAUDIO,DEFENSOR,1.73,68
ATLETICO-MG,JUNIOR ALONSO,DEFENSOR,1.85,83
ATLETICO-MG,REVER,DEFENSOR,1.93,83
ATLETICO-MG,DODO,DEFENSOR,1.83,78
ATLETICO-MG,GUILHERME ARANA,DEFENSOR,1.75,66
ATLETICO-MG,CARLO DANIEL,DEFENSOR,1.73,78
ATLETICO-MG,IGOR RABELO,DEFENSOR,1.91,88
ATLETICO-MG,MARIANO,DEFENSOR,1.78,68
ATLETICO-MG,NATHAN DA SILVA,DEFENSOR,1.83,78
ATLETICO-MG,LEONARDO SIMONI,DEFENSOR,1.83,83
ATLETICO-MG,MICAEL ,DEFENSOR,1.91,82
ATLETICO-MG,TALISON,DEFENSOR,1.88,87
ATLETICO-MG,IAGO OLIVEIRA,MEIO-CAMPO,1.88,78
ATLETICO-MG,YAN PHILLIPE,MEIO-CAMPO,,
ATLETICO-MG,VICTOR HUGO,MEIO-CAMPO,,
ATLETICO-MG,ALEXANDRE,MEIO-CAMPO,1.70,62
ATLETICO-MG,JAIR,MEIO-CAMPO,1.78,73
ATLETICO-MG,CAIO RIBAS,MEIO-CAMPO,1.73,68
ATLETICO-MG,FEDERICO ZARACHO,MEIO-CAMPO,1.70,63
ATLETICO-MG,HYORAN,MEIO-CAMPO,1.75,65
ATLETICO-MG,ALAN FRANCO,MEIO-CAMPO,1.75,73
ATLETICO-MG,NATHAN DA SILVA,MEIO-CAMPO,1.78,73
ATLETICO-MG,DANIEL BORGES,MEIO-CAMPO,1.83,81
ATLETICO-MG,IGNACIO FERNANDEZ,MEIO-CAMPO,1.78,73
ATLETICO-MG,CALEBE,MEIO-CAMPO,1.73,67
ATLETICO-MG,ALLAN,MEIO-CAMPO,1.75,73
ATLETICO-MG,DYLAN BORRERO,MEIO-CAMPO,1.80,66
ATLETICO-MG,GABRIEL SOUZA,MEIO-CAMPO,1.85,78
ATLETICO-MG,TCHE TCHE,MEIO-CAMPO,1.75,66
ATLETICO-MG,JULIO CESAR,MEIO-CAMPO,1.73,72
ATLETICO-MG,NETO,MEIO-CAMPO,1.78,73
ATLETICO-MG,RUBENS,MEIO-CAMPO,1.75,72
ATLETICO-MG,RUAN NASCIMENTO,ATACANTE,,
ATLETICO-MG,HULK,ATACANTE,1.80,83
ATLETICO-MG,EDUARDO VARGAS,ATACANTE,1.70,73
ATLETICO-MG,KENO,ATACANTE,1.78,68
ATLETICO-MG,JEFFERSON SAVARINO,ATACANTE,1.68,67
ATLETICO-MG,EDUARDO SASHA,ATACANTE,1.73,66
ATLETICO-MG,DIEGO COSTA,ATACANTE,1.88,83
ATLETICO-MG,FELIPE FELICIO,ATACANTE,1.85,73
ATLETICO-MG,SAVIO,ATACANTE,1.75,71
ATLETICO-MG,LUIS FELIPE REIS,ATACANTE,1.75,72
ATLETICO-MG,ROMULO,ATACANTE,1.83,78
ATLETICO-MG,THIAGO,ATACANTE,1.78,66
ATLETICO-MG,ECHAPORÃƒ,ATACANTE,1.70,68
BAHIA,DANILO FERNANDES,GOLEIRO,1.88,86
BAHIA,LEANDRO MATHEUS,GOLEIRO,,
BAHIA,JUNIOR ALONSO,GOLEIRO,1.82,82
BAHIA,MATHEUS TEXEIRA,GOLEIRO,,
BAHIA,GABRIEL GONCALVES,GOLEIRO,,
BAHIA,CLAUS,GOLEIRO,1.93,
BAHIA,DOUGLAS BOREL,DEFENSOR,1.78,
BAHIA,WESLEY,DEFENSOR,1.88,73
BAHIA,SERGIO BAIANO,DEFENSOR,1.88,
BAHIA,NINO PARAIBA,DEFENSOR,1.68,68
BAHIA,LUIZ OTAVIO,DEFENSOR,1.93,86
BAHIA,LIGGER,DEFENSOR,1.85,79
BAHIA,GERMAN CONTI,DEFENSOR,1.93,82
BAHIA,GUSTAVO HENRIQUE,DEFENSOR,,
BAHIA,RANIEL,DEFENSOR,,
BAHIA,LUCAS FONSECA,DEFENSOR,1.91,83
BAHIA,JUNINHO,DEFENSOR,1.75,63
BAHIA,MAYK,DEFENSOR,,
BAHIA,RENAN GUEDES,DEFENSOR,,
BAHIA,PATRICK DE LUCCA,DEFENSOR,,
BAHIA,EVERSON,DEFENSOR,1.88,73
BAHIA,MATHEUS BAHIA,DEFENSOR,1.80,73
BAHIA,JEFFERSON DOUGLAS,MEIO-CAMPO,1.73,68
BAHIA,DANIELZINHO,MEIO-CAMPO,1.73,63
BAHIA,RODRIGUINHO,MEIO-CAMPO,1.78,73
BAHIA,OSCAR RUIZ,MEIO-CAMPO,1.68,68
BAHIA,JUAN PABLO RAMIREZ,MEIO-CAMPO,1.85,78
BAHIA,RAMON VINICIUS,MEIO-CAMPO,,
BAHIA,LUCAS MUGNI,MEIO-CAMPO,1.80,76
BAHIA,THONNY ANDERSON,MEIO-CAMPO,1.83,81
BAHIA,JONAS,MEIO-CAMPO,1.80,78
BAHIA,LUCAS ARAUJO,MEIO-CAMPO,1.78,78
BAHIA,EDSON FERNANDO,MEIO-CAMPO,1.83,
BAHIA,BRUNO CAMILO,MEIO-CAMPO,1.73,68
BAHIA,LUIZ FELIPE,MEIO-CAMPO,1.70,68
BAHIA,PABLO,MEIO-CAMPO,,
BAHIA,CAIO MELLO,MEIO-CAMPO,1.83,73
BAHIA,LUIZAO,MEIO-CAMPO,1.83,66
BAHIA,JEREMIAS EVERTON,MEIO-CAMPO,,
BAHIA,RAI ROCHA SOARS,MEIO-CAMPO,,
BAHIA,MARCELO CIRINO,ATACANTE,1.83,73
BAHIA,RONALD,ATACANTE,,
BAHIA,ROSSI,ATACANTE,1.70,68
BAHIA,GILBERTO,ATACANTE,1.78,68
BAHIA,GUSTAVO RODRIGUES,ATACANTE,,
BAHIA,EUGENIO ISNALDO,ATACANTE,1.80,72
BAHIA,RAI NASCIMENTO,ATACANTE,1.68,63
BAHIA,HUGO RODALLEGA,ATACANTE,1.80,78
BAHIA,FABRICIO,ATACANTE,,
BAHIA,MAYCON,ATACANTE,1.80,68
BAHIA,RIQUELME,ATACANTE,1.78,76
BAHIA,GUSTAVO,ATACANTE,1.73,66
BAHIA,MARCELO RYAN,ATACANTE,1.85,78
CEARA,JOAO RICARDO,GOLEIRO,,
CEARA,DAVI,GOLEIRO,,
CEARA,VINICIUS MACHADO,GOLEIRO,,
CEARA,ANDRE LUIZ,GOLEIRO,,
CEARA,RICHARD,GOLEIRO,1.85,83
CEARA,IGOR,DEFENSOR,1.85,
CEARA,MESSIAS,DEFENSOR,1.93,87
CEARA,WILLIAM OLIVEIRA,DEFENSOR,1.83,78
CEARA,BRUNO PACHECO,DEFENSOR,1.75,68
CEARA,LUIZ OTAVIO,DEFENSOR,1.91,83
CEARA,GABRIEL LACERDA,DEFENSOR,1.88,73
CEARA,ALAN RODRIGUES,DEFENSOR,,
CEARA,BUIU,DEFENSOR,1.70,67
CEARA,VITAO,DEFENSOR,,
CEARA,JEFFERSON,DEFENSOR,1.93,83
CEARA,ATILA,DEFENSOR,1.75,72
CEARA,KLAUS,DEFENSOR,1.88,78
CEARA,NATAN,DEFENSOR,1.83,73
CEARA,ALESSANDRO,DEFENSOR,,
CEARA,KELVYN,DEFENSOR,,
CEARA,GABRIEL DIAS,DEFENSOR,1.83,78
CEARA,MATHEUS INDIO,MEIO-CAMPO,1.70,73
CEARA,FERNANDO SOBRAL,MEIO-CAMPO,1.78,68
CEARA,STIVEN MENDOZA,MEIO-CAMPO,1.73,68
CEARA,JORGINHO,MEIO-CAMPO,1.80,58
CEARA,DAVID,MEIO-CAMPO,,
CEARA,FABINHO,MEIO-CAMPO,1.80,68
CEARA,WILLIAN,MEIO-CAMPO,1.78,71
CEARA,GEOVANE DA SILVA,MEIO-CAMPO,,
CEARA,MARLON,MEIO-CAMPO,1.75,68
CEARA,MARCON ANTANIO,MEIO-CAMPO,1.80,78
CEARA,VINICIUS ,MEIO-CAMPO,1.78,73
CEARA,PEDRINHO,MEIO-CAMPO,,
CEARA,CHRISTOFER,MEIO-CAMPO,1.83,73
CEARA,MARCOS BRAZION,MEIO-CAMPO,1.80,71
CEARA,LIMA,MEIO-CAMPO,1.80,68
CEARA,GABRIEL SANTOS,MEIO-CAMPO,1.78,73
CEARA,AIRTON MOISES,ATACANTE,1.78,73
CEARA,JAEL,ATACANTE,1.85,87
CEARA,YONY GONZALEZ,ATACANTE,1.83,73
CEARA,ANDRE MAGNO,ATACANTE,1.91,87
CEARA,WENDSON,ATACANTE,,
CEARA,RICK,ATACANTE,1.70,66
CEARA,VITOR JACARE,ATACANTE,,
CEARA,JORDAN,ATACANTE,,
CEARA,DENILSON,ATACANTE,1.70,66
CEARA,PEDRO IGOR,ATACANTE,1.78,66
CEARA,JOAO VICTOR ,ATACANTE,1.68,63
CEARA,HELIO,ATACANTE,1.75,0
CEARA,CLEBER,ATACANTE,1.96,82
CEARA,ERICK DE ARRUDA,ATACANTE,1.73,63
CEARA,CRISTIANO,ATACANTE,,
CHAPECOENSE,KEILLER,GOLEIRO,1.91,86
CHAPECOENSE,PAVAN,GOLEIRO,1.83,
CHAPECOENSE,IGOR CAMPOS,GOLEIRO,1.80,78
CHAPECOENSE,JOAO PAULO,GOLEIRO,1.85,
CHAPECOENSE,VAGNER,GOLEIRO,1.91,82
CHAPECOENSE,TIEPO,GOLEIRO,1.83,
CHAPECOENSE,MATHUES RIBEIRO,DEFENSOR,1.78,72
CHAPECOENSE,LAERCIO SOLDA,DEFENSOR,1.91,92
CHAPECOENSE,MOISES RIBEIRO,DEFENSOR,1.78,73
CHAPECOENSE,BUSANELLO,DEFENSOR,1.78,73
CHAPECOENSE,RYAN ,DEFENSOR,1.88,
CHAPECOENSE,IGNACIO,DEFENSOR,1.85,
CHAPECOENSE,FELIPE SANTANA,DEFENSOR,1.93,87
CHAPECOENSE,FELIPE VASCONCELOS,DEFENSOR,,
CHAPECOENSE,TIAGO,DEFENSOR,1.88,
CHAPECOENSE,EZEQUIEL,DEFENSOR,1.78,68
CHAPECOENSE,JOILSON,DEFENSOR,1.91,83
CHAPECOENSE,DERLAN,DEFENSOR,1.88,78
CHAPECOENSE,BRAYAN VASCONCELOS,DEFENSOR,1.78,68
CHAPECOENSE,JORDAN,DEFENSOR,,
CHAPECOENSE,MANCHA,DEFENSOR,,
CHAPECOENSE,THARLIS,DEFENSOR,,
CHAPECOENSE,RICARDO CARDOSO,MEIO-CAMPO,1.78,78
CHAPECOENSE,ALAN SANTOS,MEIO-CAMPO,1.83,76
CHAPECOENSE,RONEI GEBING,MEIO-CAMPO,1.80,
CHAPECOENSE,LEO GOMES,MEIO-CAMPO,1.80,73
CHAPECOENSE,MIKE,MEIO-CAMPO,1.75,63
CHAPECOENSE,MARCO ANTONIO,MEIO-CAMPO,,
CHAPECOENSE,RAVANELLI,MEIO-CAMPO,1.80,76
CHAPECOENSE,RENE JUNIOR,MEIO-CAMPO,1.80,73
CHAPECOENSE,RAFAEL,MEIO-CAMPO,,
CHAPECOENSE,ANDERSON LEITE,MEIO-CAMPO,1.83,78
CHAPECOENSE,LIMA,MEIO-CAMPO,1.73,63
CHAPECOENSE,ARTHUR VANZELA,MEIO-CAMPO,,
CHAPECOENSE,PAULINHO,MEIO-CAMPO,1.75,
CHAPECOENSE,PEDRO PEROTTI,MEIO-CAMPO,1.85,78
CHAPECOENSE,DENNER MELZ,MEIO-CAMPO,1.83,78
CHAPECOENSE,FELIPE,MEIO-CAMPO,1.70,76
CHAPECOENSE,KAIO NUNES,MEIO-CAMPO,1.83,78
CHAPECOENSE,THIAGO RIBEIRO,ATACANTE,1.85,73
CHAPECOENSE,HENRIQUE,ATACANTE,1.78,77
CHAPECOENSE,BRUNO,ATACANTE,1.70,63
CHAPECOENSE,ANSELMO RAMON,ATACANTE,1.83,78
CHAPECOENSE,RODRIGUINHO,ATACANTE,,
CHAPECOENSE,FABINHO,ATACANTE,1.80,
CHAPECOENSE,MATHEUS ZANCAN,ATACANTE,,
CHAPECOENSE,GEUVANIO,ATACANTE,1.75,68
CORINTHIANS,CAIQUE,GOLEIRO,1.85,8
CORINTHIANS,CASSIO,GOLEIRO,1.96,92
CORINTHIANS,MATHEUS DONELLI,GOLEIRO,1.88,
CORINTHIANS,GUILHERME,GOLEIRO,1.75,73
CORINTHIANS,JOAO PEDRO,DEFENSOR,1.78,68
CORINTHIANS,LUCAS BELEZI,DEFENSOR,,
CORINTHIANS,GIL,DEFENSOR,1.88,83
CORINTHIANS,LUCAS PITON,DEFENSOR,1.75,68
CORINTHIANS,LEO SANTOS,DEFENSOR,1.85,78
CORINTHIANS,BIRO,DEFENSOR,,
CORINTHIANS,REGINALDO NUNES,DEFENSOR,,
CORINTHIANS,FAGNER,DEFENSOR,1.68,67
CORINTHIANS,FABIO SANTOS,DEFENSOR,1.78,77
CORINTHIANS,JOAO VICTOR,DEFENSOR,1.88,
CORINTHIANS,RAUL GUSTAVO,DEFENSOR,1.88,
CORINTHIANS,DANILO AVELAR,DEFENSOR,1.85,76
CORINTHIANS,RENATO AUGUSTO,MEIO-CAMPO,1.85,86
CORINTHIANS,GIULIANO,MEIO-CAMPO,1.70,68
CORINTHIANS,MATHEUS ANDRADE,MEIO-CAMPO,1.75,
CORINTHIANS,ANGELO ARAOS,MEIO-CAMPO,1.75,63
CORINTHIANS,VICTOR CANTILLO,MEIO-CAMPO,1.83,63
CORINTHIANS,FELIPE,MEIO-CAMPO,,
CORINTHIANS,ADSON,MEIO-CAMPO,,
CORINTHIANS,RONI,MEIO-CAMPO,1.75,
CORINTHIANS,GUSTAVO MANTUAN,MEIO-CAMPO,,
CORINTHIANS,RUAN,MEIO-CAMPO,1.75,68
CORINTHIANS,DU QUEIROZ,MEIO-CAMPO,,
CORINTHIANS,GABRIEL PEREIRA,MEIO-CAMPO,1.75,
CORINTHIANS,XAVIER,MEIO-CAMPO,1.80,78
CORINTHIANS,VITINHO,MEIO-CAMPO,1.75,
CORINTHIANS,LUIS MANDACA,MEIO-CAMPO,1.78,78
CORINTHIANS,GABRIEL PEREIRA,MEIO-CAMPO,1.73,68
CORINTHIANS,WARRIAN,MEIO-CAMPO,1.78,68
CORINTHIANS,JOHN,ATACANTE,1.93,83
CORINTHIANS,LUAN,ATACANTE,1.80,73
CORINTHIANS,WILLIAN,ATACANTE,1.75,77
CORINTHIANS,CAUE,ATACANTE,,
CORINTHIANS,GUSTAVO MOSQUITO,ATACANTE,1.68,63
CORINTHIANS,MARQUINHOS,ATACANTE,1.73,
CORINTHIANS,JO,ATACANTE,1.91,78
CORINTHIANS,ROGER GUEDES,ATACANTE,1.78,67
CUIABA,JOAO CARLOS,GOLEIRO,1.91,92
CUIABA,WALTER,GOLEIRO,1.88,82
CUIABA,MATHEUS NOGUEIRA,GOLEIRO,1.91,86
CUIABA,FERNANDO,GOLEIRO,,
CUIABA,RAFAEL BRETAS,GOLEIRO,,
CUIABA,UENDEL,DEFENSOR,1.78,73
CUIABA,ANDERSON ,DEFENSOR,1.88,81
CUIABA,MARLLON,DEFENSOR,1.85,73
CUIABA,LUCAS HERNANDEZ,DEFENSOR,1.75,73
CUIABA,PAULAO,DEFENSOR,1.88,78
CUIABA,EVERTON SENA,DEFENSOR,1.83,73
CUIABA,LUCAS RAMON,DEFENSOR,1.78,72
CUIABA,JOAO LUCAS,DEFENSOR,1.80,72
CUIABA,JOAQUIM,DEFENSOR,1.91,82
CUIABA,VICTOR HUGO,DEFENSOR,,
CUIABA,CAIO CESAR,DEFENSOR,1.80,63
CUIABA,YESUS CABRERA,MEIO-CAMPO,1.68,58
CUIABA,UILLIAN CORREIA,MEIO-CAMPO,1.83,73
CUIABA,YURI,MEIO-CAMPO,1.78,71
CUIABA,RAFAEL GAVA,MEIO-CAMPO,1.78,71
CUIABA,MURILO RANGEL,MEIO-CAMPO,1.78,68
CUIABA,PEPE,MEIO-CAMPO,1.83,
CUIABA,CAMILO,MEIO-CAMPO,,
CUIABA,MAX,MEIO-CAMPO,1.75,73
CUIABA,LUCAS CARDOSO,MEIO-CAMPO,,
CUIABA,AUREMIR,MEIO-CAMPO,1.75,63
CUIABA,CLAYSON,ATACANTE,1.70,63
CUIABA,DANILO GOMES,ATACANTE,1.75,68
CUIABA,ELTON,ATACANTE,1.85,83
CUIABA,JENISON,ATACANTE,1.85,73
CUIABA,OSMAN JUNIOR,ATACANTE,1.80,72
CUIABA,JONATHAN CAFU,ATACANTE,1.73,63
CUIABA,FELIPE MARQUES,ATACANTE,1.65,63
CUIABA,GUILHERME PATO,ATACANTE,,
CUIABA,RAULZINHO ,ATACANTE,,
CUIABA,RIKELME,ATACANTE,1.83,78
CUIABA,CAIO MOTA,ATACANTE,1.75,72
CUIABA,GUSTAVO NESCAU,ATACANTE,,
FLAMENGO,DIEGO ALVES,GOLEIRO,1.88,83
FLAMENGO,MATHUES CUNHA,GOLEIRO,,
FLAMENGO,GABRIEL BATISTA,GOLEIRO,1.88,78
FLAMENGO,CESAR,GOLEIRO,1.93,73
FLAMENGO,HUGO NOGUEIRA,GOLEIRO,1.96,93
FLAMENGO,JOAO FERNANDO,GOLEIRO,1.88,81
FLAMENGO,JOSE ITALO ,DEFENSOR,,
FLAMENGO,GUSTAVO HENRIQUE,DEFENSOR,1.93,83
FLAMENGO,RODRIGO CAIO,DEFENSOR,1.83,68
FLAMENGO,LEO PEREIRA,DEFENSOR,1.88,83
FLAMENGO,RENE,DEFENSOR,1.75,68
FLAMENGO,FILIPE LUIS,DEFENSOR,1.83,73
FLAMENGO,RODINEI,DEFENSOR,1.75,68
FLAMENGO,DAVID LUIZ,DEFENSOR,1.88,83
FLAMENGO,OTAVIO ATAIDE,DEFENSOR,1.83,78
FLAMENGO,DIEGO DAMASCENO,DEFENSOR,1.83,73
FLAMENGO,LUAN SALES ,DEFENSOR,1.75,73
FLAMENGO,BRUNO VIANA,DEFENSOR,1.88,73
FLAMENGO,MATEUZINHO,DEFENSOR,,
FLAMENGO,RAMON,DEFENSOR,1.75,63
FLAMENGO,DAN CABRAL,DEFENSOR,1.70,68
FLAMENGO,GABRIEL NOGA,DEFENSOR,1.83,72
FLAMENGO,MAURICIO ISLA,DEFENSOR,1.75,73
FLAMENGO,WESLEY VINICIUS,DEFENSOR,,
FLAMENGO,CLEITON,DEFENSOR,,
FLAMENGO,PIRIS DA MOTTA,MEIO-CAMPO,1.78,72
FLAMENGO,FABRIZIO PERALTA,MEIO-CAMPO,1.75,16
FLAMENGO,IGOR,MEIO-CAMPO,,
FLAMENGO,WILIAN ARAO,MEIO-CAMPO,1.80,73
FLAMENGO,EVERTON RIBEIRO,MEIO-CAMPO,1.75,68
FLAMENGO,THIAGO MAIA,MEIO-CAMPO,1.78,76
FLAMENGO,DIEGO,MEIO-CAMPO,1.73,73
FLAMENGO,DE ARRASCAETA,MEIO-CAMPO,1.73,67
FLAMENGO,YURI,MEIO-CAMPO,1.78,71
FLAMENGO,ANDREAS PEREIRA,MEIO-CAMPO,1.78,71
FLAMENGO,BRUNO LOPES,MEIO-CAMPO,1.75,73
FLAMENGO,KENEDY,MEIO-CAMPO,1.83,77
FLAMENGO,JOAO GOMES,MEIO-CAMPO,,
FLAMENGO,MATHEUS FRANCA,MEIO-CAMPO,1.78,67
FLAMENGO,PEDRO MACHADO,ATACANTE,,
FLAMENGO,GABRIEL,ATACANTE,1.75,68
FLAMENGO,VITINHO,ATACANTE,1.80,76
FLAMENGO,LAZARO,ATACANTE,1.80,72
FLAMENGO,MICHAEL DELGADO,ATACANTE,1.65,58
FLAMENGO,PEDRO ,ATACANTE,1.85,78
FLAMENGO,THIAGO FERNANDES,ATACANTE,,
FLAMENGO,GABRIEL DE SOUSA,ATACANTE,,
FLAMENGO,MATEUS LIMA,ATACANTE,,
FLAMENGO,WERTON,ATACANTE,,
FLAMENGO,RYAN,ATACANTE,1.85,76
FLAMENGO,WEVERTON,ATACANTE,1.80,
FLAMENGO,ANDRE LUIZ,ATACANTE,,
FLAMENGO,VITOR GABRIEL,ATACANTE,1.83,78
FLUMINENSE,GUSTAVO RAMALHO,GOLEIRO,,
FLUMINENSE,MARCOS FELIPE,GOLEIRO,1.85,83
FLUMINENSE,JOAO LOPES,GOLEIRO,1.88,83
FLUMINENSE,PEDRO RANGEL,GOLEIRO,1.93,87
FLUMINENSE,MURIEL,GOLEIRO,1.91,92
FLUMINENSE,HIGOR GABRIEL,DEFENSOR,1.88,
FLUMINENSE,JOHN MESQUITA,DEFENSOR,,
FLUMINENSE,RAI,DEFENSOR,1.80,
FLUMINENSE,MARCOS PEDRO,DEFENSOR,1.73,67
FLUMINENSE,DAVI,DEFENSOR,,
FLUMINENSE,JEFTE VITAL,DEFENSOR,,
FLUMINENSE,WALLACE,DEFENSOR,1.78,71
FLUMINENSE,SAMUEL XAVIER,DEFENSOR,1.68,67
FLUMINENSE,MATHEUS FERRAZ,DEFENSOR,1.88,83
FLUMINENSE,LUCCAS CLARO,DEFENSOR,1.83,88
FLUMINENSE,EGIDIO,DEFENSOR,1.75,68
FLUMINENSE,DANIEL,DEFENSOR,1.85,76
FLUMINENSE,MANOEL,DEFENSOR,1.80,87
FLUMINENSE,NOVA IGUACU,DEFENSOR,1.75,
FLUMINENSE,MARLON,DEFENSOR,1.75,81
FLUMINENSE,NINO,DEFENSOR,1.88,82
FLUMINENSE,LUAN,DEFENSOR,1.83,73
FLUMINENSE,RAFAEL RIBEIRO,DEFENSOR,1.91,81
FLUMINENSE,WISNEY JUNIOR,DEFENSOR,1.80,73
FLUMINENSE,DAVID BRAZ,DEFENSOR,1.88,86
FLUMINENSE,REGINALDO,DEFENSOR,1.93,83
FLUMINENSE,CAIO,MEIO-CAMPO,1.88,78
FLUMINENSE,WIRIS GUSTAVO,MEIO-CAMPO,,
FLUMINENSE,ARTHUR WENDERROSKY,MEIO-CAMPO,1.73,59
FLUMINENSE,WELLINGTON,MEIO-CAMPO,1.73,73
FLUMINENSE,LUCCAS CLARO,MEIO-CAMPO,1.78,73
FLUMINENSE,NONATO,MEIO-CAMPO,1.75,73
FLUMINENSE,GANSO,MEIO-CAMPO,1.83,78
FLUMINENSE,CAZARES,MEIO-CAMPO,1.70,68
FLUMINENSE,YAGO,MEIO-CAMPO,1.75,73
FLUMINENSE,JHON ARIAS,MEIO-CAMPO,1.70,77
FLUMINENSE,HUDSON,MEIO-CAMPO,1.78,68
FLUMINENSE,LUCAS FELIPE,MEIO-CAMPO,1.70,68
FLUMINENSE,ANDRE ,MEIO-CAMPO,1.75,77
FLUMINENSE,MATHEUS MARTINELLI,MEIO-CAMPO,1.78,73
FLUMINENSE,GABRIEL TEIXEIRA,MEIO-CAMPO,1.70,58
FLUMINENSE,NASCIMENTO,MEIO-CAMPO,1.78,73
FLUMINENSE,JOAO NETO,ATACANTE,,
FLUMINENSE,FRED,ATACANTE,1.85,91
FLUMINENSE,DANILO CARVALHO,ATACANTE,1.78,83
FLUMINENSE,ALEXANDRE JESUS,ATACANTE,1.83,82
FLUMINENSE,MATHEUS MARTINS,ATACANTE,1.78,77
FLUMINENSE,RAUL BOBADILLA,ATACANTE,1.80,87
FLUMINENSE,JONHN KENNEDY,ATACANTE,1.73,
FLUMINENSE,ABEL HERNANDEZ,ATACANTE,1.85,68
FLUMINENSE,LUIZ HENRIQUE,ATACANTE,1.80,77
FLUMINENSE,CAIO PAULISTA,ATACANTE,1.80,73
FLUMINENSE,LUCAS BARCELLOS,ATACANTE,1.83,82
FORTALEZA,FERNANDO MIGUEL,GOLEIRO,1.91,92
FORTALEZA,MARCELO BOECK,GOLEIRO,1.91,83
FORTALEZA,MAX WALEF,GOLEIRO,1.88,83
FORTALEZA,JUNINHO,DEFENSOR,1.75,63
FORTALEZA,BRAYAN CEBALLOS,DEFENSOR,,
FORTALEZA,TINGA,DEFENSOR,1.78,78
FORTALEZA,MARCELO BENEVENUTO,DEFENSOR,1.80,73
FORTALEZA,YAGO PIKACHU,DEFENSOR,1.70,59
FORTALEZA,RAHEEM SMOMERSALL,DEFENSOR,,
FORTALEZA,HABRAAO,DEFENSOR,,
FORTALEZA,VITOR RICARDO,DEFENSOR,,
FORTALEZA,TITI CHAGAS,DEFENSOR,1.88,83
FORTALEZA,ANTHONY LANDAZURI,MEIO-CAMPO,1.78,73
FORTALEZA,ZE WELISON,MEIO-CAMPO,1.75,81
FORTALEZA,HERCULES,MEIO-CAMPO,,
FORTALEZA,LUCAS CRISPIM,MEIO-CAMPO,1.78,72
FORTALEZA,RONALD,MEIO-CAMPO,1.70,13
FORTALEZA,FELIPE,MEIO-CAMPO,1.83,78
FORTALEZA,MATHEUSEDINHO,MEIO-CAMPO,1.83,78
FORTALEZA,ROMARINHO,MEIO-CAMPO,1.68,66
FORTALEZA,LUCAS LIMA,MEIO-CAMPO,1.75,68
FORTALEZA,MATHEUS VARGAS,MEIO-CAMPO,1.80,73
FORTALEZA,SILVIO ROMERO,ATACANTE,1.78,76
FORTALEZA,RENATO KAYSER,ATACANTE,1.78,76
FORTALEZA,JUAN DAVID,ATACANTE,1.78,68
FORTALEZA,MOISES,ATACANTE,,
FORTALEZA,ROBSON FENRNANDES,ATACANTE,1.75,78
FORTALEZA,ANGELO HENRIQUEZ,ATACANTE,1.78,73
FORTALEZA,VALENTIN DEPIETRI,ATACANTE,1.78,
FORTALEZA,IGOR TORRES,ATACANTE,1.78,
GREMIO,PHELIPE,GOLEIRO,1.85,82
GREMIO,GABRIEL CHAPECO,GOLEIRO,,
GREMIO,BRENNO,GOLEIRO,1.91,83
GREMIO,FELIPE,GOLEIRO,1.78,73
GREMIO,ADRIEL,GOLEIRO,,
GREMIO,THOMAS,DEFENSOR,,
GREMIO,VICTOR FERRAZ,DEFENSOR,1.75,72
GREMIO,PEDRO GEROMEL,DEFENSOR,1.91,83
GREMIO,WALTER KANNEMANN,DEFENSOR,1.85,86
GREMIO,LEONARDO GOMES,DEFENSOR,1.83,78
GREMIO,BRUNO CORTEZ,DEFENSOR,1.80,73
GREMIO,RAFINHA,DEFENSOR,1.73,68
GREMIO,TONHAO,DEFENSOR,1.88,76
GREMIO,PAULO MIRANDA,DEFENSOR,1.83,83
GREMIO,VITINHO,DEFENSOR,1.75,63
GREMIO,DIOGO BARBOSA,DEFENSOR,1.78,67
GREMIO,VANDERSON,DEFENSOR,1.75,
GREMIO,GUILHERME GUEDES,DEFENSOR,1.78,
GREMIO,FELIPE,DEFENSOR,1.75,73
GREMIO,EMANUEL,DEFENSOR,,
GREMIO,RUAN,DEFENSOR,,
GREMIO,HEITOR,DEFENSOR,,
GREMIO,THIAGO SANTOS,MEIO-CAMPO,1.80,78
GREMIO,LEANDRO CAMPAZ,MEIO-CAMPO,1.65,68
GREMIO,DOUGLAS COSTA,MEIO-CAMPO,1.73,68
GREMIO,DARLNA MENDES,MEIO-CAMPO,1.70,66
GREMIO,LUCAS SILVA,MEIO-CAMPO,1.83,78
GREMIO,MATHIAS VILLASANTI,MEIO-CAMPO,1.78,68
GREMIO,BITELLO,MEIO-CAMPO,,
GREMIO,PEDRO LUCAS,MEIO-CAMPO,1.73,
GREMIO,FERANDO HENRIQUE,MEIO-CAMPO,,
GREMIO,JHONATAN,MEIO-CAMPO,,
GREMIO,MATEUS FERREIRA,MEIO-CAMPO,,
GREMIO,VICOTR BOBSIN,MEIO-CAMPO,1.83,
GREMIO,JEAN PYERRE,MEIO-CAMPO,1.83,72
GREMIO,ELIAS MANOEL,ATACANTE,,
GREMIO,MIGUEL BORJA,ATACANTE,1.83,87
GREMIO,FERREIRA,ATACANTE,1.75,63
GREMIO,DIEGO CHURIN,ATACANTE,1.85,78
GREMIO,EVERTON,ATACANTE,1.73,67
GREMIO,ALISSON,ATACANTE,1.75,71
GREMIO,THAYLLON,ATACANTE,,
GREMIO,JHONATA ROBERT,ATACANTE,1.78,71
GREMIO,DIEGO SOUZA,ATACANTE,1.85,87
GREMIO,LUIZ FERNANDO,ATACANTE,1.78,66
GREMIO,LEO PEREIRA,ATACANTE,1.80,
GREMIO,VINI PAULISTA,ATACANTE,,
INTERNACIONAL,MARCELO LOMBA,GOLEIRO,1.88,83
INTERNACIONAL,ANTHONI SPIER SOUZA,GOLEIRO,,
INTERNACIONAL,VITOR HUGO,GOLEIRO,,
INTERNACIONAL,DANIEL,GOLEIRO,1.88,93
INTERNACIONAL,EMERSON JUNIOR,GOLEIRO,1.96,88
INTERNACIONAL,GABRIEL MERCADO,DEFENSOR,1.80,83
INTERNACIONAL,KAIQUE ROCHA,DEFENSOR,1.96,
INTERNACIONAL,HEITOR,DEFENSOR,1.75,
INTERNACIONAL,RODRIGO MOLEDO,DEFENSOR,1.88,91
INTERNACIONAL,THAUAN LARA,DEFENSOR,,
INTERNACIONAL,LUCAS RIBEIRO,DEFENSOR,1.91,78
INTERNACIONAL,VICTOR CUESTA,DEFENSOR,1.88,83
INTERNACIONAL,MOISES,DEFENSOR,1.83,78
INTERNACIONAL,BRUNO MENDEZ,DEFENSOR,1.78,77
INTERNACIONAL,PAULO VICTOR,DEFENSOR,,
INTERNACIONAL,JOAO FELIX,DEFENSOR,1.85,
INTERNACIONAL,RENZO SARAVIA,DEFENSOR,1.78,63
INTERNACIONAL,VINICIUS AUGUSTO,DEFENSOR,1.75,66
INTERNACIONAL,JOSE GABRIEL,DEFENSOR,1.83,
INTERNACIONAL,LEONADOR BORGES,DEFENSOR,1.83,73
INTERNACIONAL,TIAGO BARBOSA,DEFENSOR,,
INTERNACIONAL,JONATHAN,DEFENSOR,,
INTERNACIONAL,IGOR,MEIO-CAMPO,,
INTERNACIONAL,EDENILSON,MEIO-CAMPO,1.75,76
INTERNACIONAL,RODRIGO DOURADO,MEIO-CAMPO,1.85,78
INTERNACIONAL,RODRIGO LINDOSO,MEIO-CAMPO,1.80,68
INTERNACIONAL,GABRIEL BOSCHILLA,MEIO-CAMPO,1.73,63
INTERNACIONAL,MAURICIO,MEIO-CAMPO,,
INTERNACIONAL,LUCAS VITAL,MEIO-CAMPO,,
INTERNACIONAL,JOHNNY,MEIO-CAMPO,1.83,78
INTERNACIONAL,LUCAS DE RAMOS,MEIO-CAMPO,1.70,66
INTERNACIONAL,MURILO,MEIO-CAMPO,1.75,63
INTERNACIONAL,ESTEVAO BARRETO,MEIO-CAMPO,1.75,73
INTERNACIONAL,JUAN CUESTA,MEIO-CAMPO,1.73,71
INTERNACIONAL,PATRICK,MEIO-CAMPO,1.75,73
INTERNACIONAL,PEDRO LUCAS,ATACANTE,1.83,77
INTERNACIONAL,GUSTAVO MAIA,ATACANTE,1.68,
INTERNACIONAL,CLEBERSON,ATACANTE,,
INTERNACIONAL,PAOLO GUERRERO,ATACANTE,1.85,82
INTERNACIONAL,TAISON,ATACANTE,1.73,63
INTERNACIONAL,YURI ALBERTO,ATACANTE,1.83,77
INTERNACIONAL,CARLOS PALACIOS,ATACANTE,1.78,78
INTERNACIONAL,VINICIUS MELLO,ATACANTE,1.78,83
INTERNACIONAL,NICOLAS,ATACANTE,1.80,68
INTERNACIONAL,CAIO,ATACANTE,1.73,6
INTERNACIONAL,VITOR MATHEUS,ATACANTE,1.70,67
INTERNACIONAL,MATHEUS CADORINI,ATACANTE,,
JUVENTUDE,DEUNER,GOLEIRO,1.91,88
JUVENTUDE,WILLIAM,GOLEIRO,1.93,83
JUVENTUDE,MARCELO CARNE,GOLEIRO,1.88,83
JUVENTUDE,DOUGLAS FRIEDRICH,GOLEIRO,1.93,83
JUVENTUDE,ELTINHO,DEFENSOR,1.70,68
JUVENTUDE,ODIVAN,DEFENSOR,1.88,82
JUVENTUDE,DUDU,DEFENSOR,,
JUVENTUDE,JUAN QUINTERO,DEFENSOR,1.83,78
JUVENTUDE,RAFAEL FOSTER,DEFENSOR,1.80,78
JUVENTUDE,GUILHERME OLIVEIRA,DEFENSOR,1.73,68
JUVENTUDE,VITOR MENDES,DEFENSOR,1.85,73
JUVENTUDE,DID,DEFENSOR,,
JUVENTUDE,WILLIAM MATHEUS,DEFENSOR,1.80,78
JUVENTUDE,MICHEL MACEDO,DEFENSOR,1.78,87
JUVENTUDE,PAULO HENRIQUE,DEFENSOR,1.75,73
JUVENTUDE,ELTON,MEIO-CAMPO,1.80,77
JUVENTUDE,BILU,MEIO-CAMPO,1.75,62
JUVENTUDE,KIERAN GIBBONS,MEIO-CAMPO,1.85,73
JUVENTUDE,RICARDINHO,MEIO-CAMPO,1.75,68
JUVENTUDE,KELVI,MEIO-CAMPO,,
JUVENTUDE,JADSON,MEIO-CAMPO,1.70,67
JUVENTUDE,WAGNER,MEIO-CAMPO,1.73,71
JUVENTUDE,CHICO,MEIO-CAMPO,1.75,68
JUVENTUDE,MATHEUZINHO,MEIO-CAMPO,1.70,59
JUVENTUDE,BRUNO ROBERTO,MEIO-CAMPO,1.78,73
JUVENTUDE,DAWHAN,MEIO-CAMPO,1.78,78
JUVENTUDE,GUILHERME CASTILLO,MEIO-CAMPO,1.85,73
JUVENTUDE,RAFAEL SANTIAGO,ATACANTE,1.83,78
JUVENTUDE,NICOLAS,ATACANTE,1.80,68
JUVENTUDE,CAPIXABA,ATACANTE,1.70,66
JUVENTUDE,RICARDO BUENO,ATACANTE,1.83,73
JUVENTUDE,WESCLEY,ATACANTE,1.75,58
JUVENTUDE,PAULINHO,ATACANTE,1.70,62
JUVENTUDE,EDWIN MOSQUERA,ATACANTE,1.70,58
JUVENTUDE,FERNANDO PACHECO,ATACANTE,1.75,68
JUVENTUDE,ROBERSON,ATACANTE,1.83,93
JUVENTUDE,NICOLAS CASTILLO,ATACANTE,1.78,78
JUVENTUDE,MARCOS VINICIOS,ATACANTE,,
PALMEIRAS,NATAN,GOLEIRO,1.98,83
PALMEIRAS,VINICIUS,GOLEIRO,1.93,92
PALMEIRAS,WEVERTON,GOLEIRO,1.88,91
PALMEIRAS,MATEUS OLIVEIRA,GOLEIRO,1.98,87
PALMEIRAS,JAILSON,GOLEIRO,1.88,93
PALMEIRAS,KAIQUE,GOLEIRO,1.91,87
PALMEIRAS,PEDRO HENRIQUE,DEFENSOR,1.93,82
PALMEIRAS,CLAUDINEI,DEFENSOR,1.78,76
PALMEIRAS,JONATHAN ALECXANDER,DEFENSOR,1.80,7
PALMEIRAS,MARCOS ROCHA,DEFENSOR,1.75,73
PALMEIRAS,RENAN,DEFENSOR,1.85,83
PALMEIRAS,BENJAMIN KUSCEVIC,DEFENSOR,1.83,76
PALMEIRAS,JORGE,DEFENSOR,1.83,78
PALMEIRAS,LUCAS ESTEVES,DEFENSOR,1.88,86
PALMEIRAS,MAYKE,DEFENSOR,1.78,68
PALMEIRAS,LUAN,DEFENSOR,1.88,86
PALMEIRAS,GUSTAVO GOMEZ,DEFENSOR,1.85,86
PALMEIRAS,MATIAS VINA,DEFENSOR,1.75,68
PALMEIRAS,JOAQUIA PIQUEREZ,DEFENSOR,1.83,81
PALMEIRAS,VICTOR LUIZ,DEFENSOR,1.80,76
PALMEIRAS,GUSTAVO,DEFENSOR,1.78,68
PALMEIRAS,ALAN EMPEREUR,DEFENSOR,1.85,82
PALMEIRAS,LUCAS BRENO,DEFENSOR,,
PALMEIRAS,HENRI SANTOS,DEFENSOR,1.88,77
PALMEIRAS,VANDERLAN,DEFENSOR,1.83,73
PALMEIRAS,LUCAS FREITAS,DEFENSOR,1.83,73
PALMEIRAS,MICHEL AUGUSTO,DEFENSOR,1.88,81
PALMEIRAS,GABRIEL VINICIUS,MEIO-CAMPO,1.83,78
PALMEIRAS,IVAN ANGULO,MEIO-CAMPO,1.70,66
PALMEIRAS,ERICK PULAS,MEIO-CAMPO,1.75,66
PALMEIRAS,VITINHO,MEIO-CAMPO,1.68,68
PALMEIRAS,PATRICK DE PAULA,MEIO-CAMPO,1.78,78
PALMEIRAS,ZE RAFAEL,MEIO-CAMPO,1.75,71
PALMEIRAS,GUSTAVO SCARPA,MEIO-CAMPO,1.75,73
PALMEIRAS,DANILO,MEIO-CAMPO,1.83,73
PALMEIRAS,LUCAS LIMA,MEIO-CAMPO,1.75,68
PALMEIRAS,RAPHAEL VEIGA,MEIO-CAMPO,1.78,77
PALMEIRAS,GABRIEL MENINO,MEIO-CAMPO,1.78,78
PALMEIRAS,DANILO DOS SANTOS,MEIO-CAMPO,1.75,68
PALMEIRAS,FELIPE MELO,MEIO-CAMPO,1.85,83
PALMEIRAS,KAIKY MARQUES,MEIO-CAMPO,1.80,78
PALMEIRAS,RAMON CESAR,MEIO-CAMPO,1.0,73
PALMEIRAS,FABINHO,MEIO-CAMPO,1.78,73
PALMEIRAS,MATHEUS FERNANDES,MEIO-CAMPO,1.83,68
PALMEIRAS,JHONATAN,MEIO-CAMPO,1.78,73
PALMEIRAS,PEDRO ACACIO,MEIO-CAMPO,1.73,63
PALMEIRAS,PEDRO HENRIQUE R.,MEIO-CAMPO,1.78,82
PALMEIRAS,CAIO SANTOS,MEIO-CAMPO,1.75,72
PALMEIRAS,ANIBAL VEGA,ATACANTE,1.80,78
PALMEIRAS,MARINO HINESTROZA,ATACANTE,1.70,58
PALMEIRAS,ROBINHO,ATACANTE,1.70,68
PALMEIRAS,YAGO SANTOS,ATACANTE,,
PALMEIRAS,KEVIN MACEDO,ATACANTE,1.75,71
PALMEIRAS,RONY,ATACANTE,1.68,63
PALMEIRAS,LUAN SANTOS,ATACANTE,1.78,72
PALMEIRAS,LUIZ ADRIANO,ATACANTE,1.83,71
PALMEIRAS,WESLEY,ATACANTE,1.78,67
PALMEIRAS,DEYVERSON,ATACANTE,1.88,78
PALMEIRAS,BRENO,ATACANTE,1.75,78
PALMEIRAS,GABRIEL VERON,ATACANTE,1.75,73
PALMEIRAS,WILLIAM,ATACANTE,1.70,78
PALMEIRAS,PAPAGAIO,ATACANTE,1.83,78
PALMEIRAS,MARCELINHO,ATACANTE,1.65,63
PALMEIRAS,ALAN EMPEREUR,ATACANTE,1.63,57
PALMEIRAS,DUDU,ATACANTE,1.68,66
PALMEIRAS,NEWTON WILLIAMS,ATACANTE,1.91,
PALMEIRAS,GABRIEL SILVA VIEIRA,ATACANTE,1.75,71
PALMEIRAS,VITOR HUGO,ATACANTE,1.80,77
PALMEIRAS,GIOVANI,ATACANTE,1.83,68
RED BULL BRAGANTINO,FABRICIO BRUNO,GOLEIRO,1.91,68
RED BULL BRAGANTINO,JULIO CESAR,GOLEIRO,1.85,82
RED BULL BRAGANTINO,MAYCON CLEITON,GOLEIRO,1.91,77
RED BULL BRAGANTINO,CLEITON,GOLEIRO,1.91,82
RED BULL BRAGANTINO,LEONARDO REALPE,DEFENSOR,1.85,
RED BULL BRAGANTINO,LEO ORTIZ,DEFENSOR,1.85,82
RED BULL BRAGANTINO,EDIMAR,DEFENSOR,1.80,68
RED BULL BRAGANTINO,ADERLAN SILVA,DEFENSOR,1.78,71
RED BULL BRAGANTINO,FABRICIO BRUNO,DEFENSOR,1.78,71
RED BULL BRAGANTINO,WEVERTON,DEFENSOR,1.93,88
RED BULL BRAGANTINO,NATAN,DEFENSOR,,
RED BULL BRAGANTINO,CESAR HAYDAR,DEFENSOR,1.88,
RED BULL BRAGANTINO,WEVERSON,DEFENSOR,1.83,71
RED BULL BRAGANTINO,LUAN CANDIDO,DEFENSOR,1.85,
RED BULL BRAGANTINO,RAFAEL,DEFENSOR,1.88,78
RED BULL BRAGANTINO,GUILHERME ALMEIDA,MEIO-CAMPO,,
RED BULL BRAGANTINO,MIGUEL SILVEIRA,MEIO-CAMPO,1.75,
RED BULL BRAGANTINO,JADSOM,MEIO-CAMPO,1.73,
RED BULL BRAGANTINO,LUCAS EVANGELISTA,MEIO-CAMPO,1.83,78
RED BULL BRAGANTINO,RAMIRES,MEIO-CAMPO,1.75,67
RED BULL BRAGANTINO,RAUL,MEIO-CAMPO,1.80,73
RED BULL BRAGANTINO,BRUNO CONCEICAO,MEIO-CAMPO,,
RED BULL BRAGANTINO,VITINHO,MEIO-CAMPO,1.75,68
RED BULL BRAGANTINO,BRUNO GONCALVEZ,MEIO-CAMPO,,
RED BULL BRAGANTINO,CRISTIANO,MEIO-CAMPO,,
RED BULL BRAGANTINO,EMILIANO MARTINEZ,MEIO-CAMPO,1.83,63
RED BULL BRAGANTINO,GONZALO,MEIO-CAMPO,1.98,88
RED BULL BRAGANTINO,LUCIANO SILVA,MEIO-CAMPO,,
RED BULL BRAGANTINO,RAGINALDO RAMIRES,ATACANTE,1.78,
RED BULL BRAGANTINO,ARTUR,ATACANTE,1.68,63
RED BULL BRAGANTINO,ALERRANDO,ATACANTE,1.75,57
RED BULL BRAGANTINO,HELINHO,ATACANTE,1.75,66
RED BULL BRAGANTINO,YTALO,ATACANTE,1.80,73
RED BULL BRAGANTINO,BRUNO,ATACANTE,,
RED BULL BRAGANTINO,LEANDRINHO,ATACANTE,1.75,66
RED BULL BRAGANTINO,JAN CARLOS HURTADO,ATACANTE,1.83,71
RED BULL BRAGANTINO,TOMAS CUELLO,ATACANTE,1.78,63
RED BULL BRAGANTINO,PEDRINHO,ATACANTE,1.75,63
RED BULL BRAGANTINO,GABRIEL NOVAES,ATACANTE,,
SANTOS,JOHN,GOLEIRO,1.93,78
SANTOS,JOAO PAULO,GOLEIRO,1.91,78
SANTOS,PAULO MAZOTI,GOLEIRO,1.88,82
SANTOS,DIOGENES,GOLEIRO,,
SANTOS,MAICON,DEFENSOR,1.91,73
SANTOS,AURO,DEFENSOR,1.68,62
SANTOS,LUIZ FELIPE,DEFENSOR,1.85,78
SANTOS,FELIPE JONATAN,DEFENSOR,1.75,76
SANTOS,EDUARDO GABRIEL,DEFENSOR,1.85,76
SANTOS,MADSON,DEFENSOR,1.83,73
SANTOS,ROBSON,DEFENSOR,,
SANTOS,KAIKY,DEFENSOR,,
SANTOS,LUCAS PIRES,DEFENSOR,,
SANTOS,DERICK,DEFENSOR,,
SANTOS,EMILIANO VELAZQUEZ,DEFENSOR,1.83,78
SANTOS,WILLIAN MARANHAO,MEIO-CAMPO,1.78,78
SANTOS,RODRIGO FERNANDEZ,MEIO-CAMPO,1.74,76
SANTOS,JHOJAN JULIO,MEIO-CAMPO,1.65,58
SANTOS,SANDRY,MEIO-CAMPO,1.75,
SANTOS,CARLOS SANCHEZ,MEIO-CAMPO,1.75,68
SANTOS,JOBSON,MEIO-CAMPO,1.85,78
SANTOS,IVONEI RABELO,MEIO-CAMPO,,
SANTOS,VINICIUS,MEIO-CAMPO,,
SANTOS,AUGUSTO GALVAN,MEIO-CAMPO,1.73,68
SANTOS,GABRIEL PIRANI,MEIO-CAMPO,,
SANTOS,LUCAS BARBOSA,MEIO-CAMPO,1.75,73
SANTOS,KELVIN MALTHUS,MEIO-CAMPO,,
SANTOS,VINICIUS,MEIO-CAMPO,,
SANTOS,CAMACHO,MEIO-CAMPO,1.83,71
SANTOS,BRUNO FELIPE,MEIO-CAMPO,,
SANTOS,LUIZ HENRIQUE,MEIO-CAMPO,1.78,
SANTOS,MARCOS LEONARDO,ATACANTE,,
SANTOS,RICARDO GOULART,ATACANTE,1.83,82
SANTOS,RWAN SECO,ATACANTE,,
SANTOS,MARCOS GUILHERME,ATACANTE,1.73,66
SANTOS,ANGELO GABRIEL,ATACANTE,1.73,67
SANTOS,LUCAS BRAGA,ATACANTE,1.75,
SANTOS,TAILSON,ATACANTE,1.75,67
SANTOS,ALLANZINHO,ATACANTE,,
SANTOS,LEO BAPTISTAO,ATACANTE,1.80,72
SAO PAULO,TIAGO VOLPI,GOLEIRO,1.85,87
SAO PAULO,LUCAS PERRI,GOLEIRO,1.93,88
SAO PAULO,YOUNG,GOLEIRO,2.03,87
SAO PAULO,THIAGO COUTO,GOLEIRO,1.88,78
SAO PAULO,THIAGO DOMBROSKI,DEFENSOR,,
SAO PAULO,IGOR,DEFENSOR,1.75,68
SAO PAULO,BRUNO ALVES,DEFENSOR,1.85,83
SAO PAULO,DIEGO COSTA,DEFENSOR,1.83,73
SAO PAULO,ROBERT ARBOLEDA,DEFENSOR,1.88,83
SAO PAULO,REINALDO,DEFENSOR,1.78,73
SAO PAULO,LEO,DEFENSOR,1.83,71
SAO PAULO,LUIS OREJUELA,DEFENSOR,1.80,71
SAO PAULO,GABRIEL GOMES,DEFENSOR,1.88,78
SAO PAULO,MIRANDA,DEFENSOR,1.85,78
SAO PAULO,RODRIGO FREITAS,DEFENSOR,1.88,81
SAO PAULO,WELINGTON,DEFENSOR,1.78,72
SAO PAULO,PATRYCK,DEFENSOR,1.80,68
SAO PAULO,LUIZAO,DEFENSOR,1.78,72
SAO PAULO,ANILSON DOURADO,DEFENSOR,1.78,68
SAO PAULO,WALCE,DEFENSOR,1.88,73
SAO PAULO,NATHAN,DEFENSOR,1.85,77
SAO PAULO,CAIO,DEFENSOR,1.78,68
SAO PAULO,PABLO MAIA,MEIO-CAMPO,,
SAO PAULO,JOAO ROJAS,MEIO-CAMPO,1.73,63
SAO PAULO,MARTIN BENITEZ,MEIO-CAMPO,1.73,72
SAO PAULO,VITOR BUENO,MEIO-CAMPO,1.83,81
SAO PAULO,LUAN,MEIO-CAMPO,1.75,81
SAO PAULO,LIZIERO,MEIO-CAMPO,1.75,68
SAO PAULO,GABRIEL NEVES,MEIO-CAMPO,1.70,72
SAO PAULO,WILLIAM,MEIO-CAMPO,1.73,72
SAO PAULO,SHAYLON,MEIO-CAMPO,1.78,68
SAO PAULO,RODRIGO NESTOR,MEIO-CAMPO,1.75,63
SAO PAULO,IGOR GOMES,MEIO-CAMPO,1.83,73
SAO PAULO,LUCAS BERALDO,MEIO-CAMPO,1.80,77
SAO PAULO,TALLES COSTA,MEIO-CAMPO,1.73,63
SAO PAULO,CAIQUE,MEIO-CAMPO,1.78,71
SAO PAULO,JOAO PALMBERG,MEIO-CAMPO,1.78,72
SAO PAULO,PEDRO VERONEZ,MEIO-CAMPO,1.70,68
SAO PAULO,BAGRIEL FALCAO,MEIO-CAMPO,1.73,68
SAO PAULO,RAFAEL SILVA,MEIO-CAMPO,1.73,68
SAO PAULO,CAIO MATHUES,ATACANTE,,
SAO PAULO,PABLO TEIXEIRA,ATACANTE,1.88,78
SAO PAULO,LUCIANO,ATACANTE,1.80,77
SAO PAULO,EDER,ATACANTE,1.80,72
SAO PAULO,ANTONIO GALEANO,ATACANTE,1.68,68
SAO PAULO,JOAO ADRIANO,ATACANTE,1.80,73
SAO PAULO,JONATHAN CALLERI,ATACANTE,1.80,72
SAO PAULO,JUAN,ATACANTE,1.75,76
SAO PAULO,VITINHO,ATACANTE,1.70,63
SAO PAULO,MARQUINHOS,ATACANTE,1.75,77
SAO PAULO,EMILIANO RIGONI,ATACANTE,1.80,68
SPORT ,SAULO,GOLEIRO,1.91,78
SPORT ,MAILSON,GOLEIRO,1.98,
SPORT ,DENIVAL,GOLEIRO,,
SPORT ,CARLOS EDUARDO,GOLEIRO,1.93,82
SPORT ,HAYNER,DEFENSOR,1.75,68
SPORT ,RENZO,DEFENSOR,,
SPORT ,RAFAEL THYERE,DEFENSOR,1.91,83
SPORT ,PEDRO HENRIQUE,DEFENSOR,1.88,81
SPORT ,SABINO,DEFENSOR,1.83,
SPORT ,CHICO,DEFENSOR,,
SPORT ,LUCIANO,DEFENSOR,1.75,
SPORT ,VICTOR GABRIEL,DEFENSOR,,
SPORT ,PEDRAO,DEFENSOR,,
SPORT ,SANDER,DEFENSOR,1.78,68
SPORT ,DIEGO FERREIRA,DEFENSOR,,
SPORT ,EWERTON,DEFENSOR,,
SPORT ,NICOLAS AGUIRRE,MEIO-CAMPO,1.80,78
SPORT ,RONALDO,MEIO-CAMPO,1.80,71
SPORT ,HERNANES,MEIO-CAMPO,1.80,78
SPORT ,GUSTAVO,MEIO-CAMPO,1.78,
SPORT ,ZE WELISON ,MEIO-CAMPO,1.75,81
SPORT ,BETINHO,MEIO-CAMPO,1.83,68
SPORT ,THIAGO LOPES,MEIO-CAMPO,1.78,76
SPORT ,THIAGO NEVES,MEIO-CAMPO,1.83,78
SPORT ,MARVELO,MEIO-CAMPO,,
SPORT ,CRISTIANO,MEIO-CAMPO,,
SPORT ,ITALO,MEIO-CAMPO,,
SPORT ,MARCAO SILVA,MEIO-CAMPO,1.85,78
SPORT ,PEDRO,MEIO-CAMPO,,
SPORT ,EVERTON FELIPE,MEIO-CAMPO,1.70,71
SPORT ,NEILTON,ATACANTE,1.65,57
SPORT ,SANTIAGO TRELLEZ,ATACANTE,1.85,76
SPORT ,LEANDRO BARCIA,ATACANTE,1.75,68
SPORT ,EVERALDO,ATACANTE,1.73,67
SPORT ,KELSEN,ATACANTE,,
SPORT ,FLAVIO EUGENIO,ATACANTE,,
SPORT ,ANDRE,ATACANTE,1.83,77
SPORT ,PAULINHO,ATACANTE,1.70,62
SPORT ,MIKAEL,ATACANTE,,
